id,post
1,"The new iPhone 16 battery life is unbelievable, lasts almost two days."
2,"Is it worth buying Samsung S24 Ultra now or wait for S25?"
3,"Google Pixel 9 charging speed is disappointing compared to competitors."
4,"Apple Vision Pro 2 rumors look amazing!"
5,"ChatGPT plugins are improving productivity dramatically."
6,"AI tools will replace repetitive jobs in the next decade."
7,"OpenAI's new model beats human experts in coding tasks."
8,"GPU prices rising again due to global demand."
9,"NVIDIA announced new RTX 60 series for AI efficiency."
10,"Python remains the king for data science in 2025."
11,"Virat Kohli hits another brilliant century today."
12,"Rohit Sharma’s captaincy decisions were on point."
13,"India wins the T20 match convincingly!"
14,"IPL auction 2025 surprises fans with huge bids."
15,"Messi scores a stunning free-kick for Inter Miami."
16,"Cristiano Ronaldo announces new football academy."
17,"FIFA planning major rule changes for 2026 World Cup."
18,"Real Madrid signs rising star striker."
19,"NBA fans excited for Lakers vs. Warriors matchup."
20,"Lebron James breaks another all-time record."
21,"Netflix releases a new thriller series breaking records."
22,"Which OTT platform has the best action movies?"
23,"I loved the new season of Dark Matter!"
24,"Bollywood's latest release disappointed many fans."
25,"Marvel announces Phase 7 lineup with surprises."
26,"Korean dramas getting more global recognition."
27,"Hollywood actors start filming for new sci-fi epic."
28,"Disney confirms sequel to popular animated film."
29,"Bitcoin crosses $100,000 for the first time."
30,"Ethereum hits new all-time high after upgrade."
31,"Crypto market volatility rises following US regulations."
32,"Investors shifting focus to Solana and Ripple."
33,"New meme coin trending rapidly in the market."
34,"Blockchain gaming growing faster than ever."
35,"Crypto whales buy huge amount of Bitcoin overnight."
36,"Sudden power outage reported in Mumbai city."
37,"Delhi temperature drops by 5 degrees overnight."
38,"Heavy rainfall causes traffic jam in Bengaluru."
39,"Earthquake of 4.1 magnitude felt in Gujarat."
40,"Cyclone warning issued for Chennai coastline."
41,"US economy slows down, stock markets fall."
42,"Breaking: Massive explosion in a chemical plant."
43,"Firefighters rescue families trapped in a building fire."
44,"New species discovered in the Amazon rainforest."
45,"Scientists develop AI that predicts heart disease early."
46,"Researchers test new battery technology that charges in minutes."
47,"Electric vehicles becoming cheaper in India."
48,"New Tesla update improves autopilot significantly."
49,"Honda launches electric scooter with 200km range."
50,"Startup launches AI-powered HR management tool."
51,"Everyone suddenly using that new face filter on Instagram!"
52,"A random cat meme is trending everywhere today."
53,"Viral dance challenge taking over TikTok again."
54,"Mystery lights spotted in the sky last night."
55,"People sharing weird green cloud videos online."
56,"Some strange humming sound heard in several cities."
57,"A new toy unexpectedly going viral among teens."
58,"Alien-like creature found on beach shocks locals."
59,"Weird spiral light appears in northern sky."
60,"Huge lines outside a store selling a rare limited edition gadget."
61,"AI-generated songs sound exactly like real singers now."
62,"Musicians worried about AI cloning their voices."
63,"Deepfake videos becoming harder to identify."
64,"Voice cloning apps getting millions of downloads."
65,"AI art competitions banned human entries this year."
66,"New research shows ChatGPT helps students learn faster."
67,"Programming salaries increasing for AI engineers."
68,"Companies shifting to microservices architecture widely."
69,"Cyberattacks increasing; companies urged to update VPNs."
70,"Hackers target major financial institutions."
71,"Google introduces new privacy features in Chrome."
72,"WhatsApp adding advanced editing tools soon."
73,"Facebook testing AI-generated status suggestions."
74,"X (Twitter) introduces longer video uploads."
75,"Instagram Reels engagement dropping slightly."
76,"YouTube creators complain about new monetization rules."
77,"Travelers love Japan's cherry blossom season."
78,"Bali tourism increasing after new visa policy."
79,"Switzerland most preferred destination for honeymoon couples."
80,"Flight prices rising due to fuel hike."
81,"People choosing staycation more than international trips."
82,"New fastest train route opens in South India."
83,"Hotel booking apps offering huge discounts this month."
84,"Tourists complaining about overcrowding at popular beaches."
85,"Food bloggers hype a new street food stall."
86,"Gujarat famous for its delicious winter food."
87,"Mumbai’s vada pav ranked among world’s best snacks."
88,"Kolkata biryani gaining global attention."
89,"Street food festivals attracting thousands every day."
90,"New café designed entirely with AI-generated interiors."
91,"Fashion influencers promoting oversized outfits this year."
92,"Vintage style returning to mainstream fashion."
93,"Sneaker brands launching eco-friendly footwear."
94,"Wedding season increases designer wear sales."
95,"A new handbag design trending on Pinterest."
96,"Companies hiring more remote workers again."
97,"Hybrid work still preferred by most employees."
98,"Startups freezing hiring due to funding issues."
99,"Tech giants offering huge joining bonuses."
100,"Freshers worried about job market slowdown."
101,"People switching to Asian cuisine more frequently these days."
102,"Viral food hack showing new way to make instant noodles."
103,"A new protein snack trending among fitness freaks."
104,"Chefs experimenting with AI-generated recipes."
105,"Big restaurant chains launching plant-based menus."
106,"Health experts recommend 30 minutes daily walk."
107,"Doctors warn against excessive energy drink consumption."
108,"New research shows social media affecting sleep patterns."
109,"Mental health awareness increasing globally."
110,"Gyms offering discount challenges to attract people."
111,"Pet adoption rates increasing everywhere."
112,"New smart collars allow live health tracking for pets."
113,"People debating best dog breed for home."
114,"Cats becoming more popular on social media than dogs."
115,"Pet food brands using organic ingredients."
116,"New EV charging stations installed across highways."
117,"Electric bus network expanding rapidly."
118,"Government gives subsidy for solar panels."
119,"Drone delivery tests begin in three Indian cities."
120,"Robots used for warehouse automation widely."
121,"Students learning Python earlier in school."
122,"Colleges adding machine learning subjects in the first year."
123,"Online courses making education more accessible."
124,"Study groups forming daily on Discord."
125,"Parents worried about children's excessive screen time."
126,"Startup introduces wearable device for studying focus."
127,"Banks introduce AI voice assistants for customer queries."
128,"Fintech companies launching zero-fee credit cards."
129,"UPI transactions increase rapidly during festive season."
130,"Digital fraud cases rising; users advised to be careful."
131,"Investors shifting money towards safer debt funds."
132,"Mutual fund investors prefer SIP over lump sum."
133,"Gold prices hitting new highs amid global uncertainty."
134,"Real estate sales increasing in metro cities."
135,"Luxury apartments sold out within hours."
136,"5G networks improving download speeds drastically."
137,"Telecom companies planning 6G early trials."
138,"Smart home devices becoming more affordable."
139,"IOT-based security cameras popular among homeowners."
140,"New smartwatch features body hydration tracking."
141,"Diseases spreading quickly in crowded cities."
142,"Doctors recommend vaccination for flu season."
143,"Hospitals struggling with patient overload."
144,"Government launches new health insurance schemes."
145,"Medicine delivery apps becoming extremely popular."
146,"Car sales increasing after price cut announcements."
147,"Used car market booming due to low budgets."
148,"Electric bikes becoming the new trend among youth."
149,"Ride-sharing apps offering cheaper night rides."
150,"People shifting from petrol vehicles to EVs rapidly."
151,"Fashion retailers facing huge losses this quarter."
152,"Online shopping increasing due to summer sales."
153,"Shoppers loving cashbacks and discount coupons."
154,"Luxury brands launching exclusive summer collections."
155,"Online fraud increasing in e-commerce platforms."
156,"Gamers excited for new GTA edition release."
157,"PlayStation 6 leaks create hype online."
158,"Mobile gamers waiting for BGMI global update."
159,"ESports tournaments offering massive prize pools."
160,"PC gamers complaining about rising GPU prices."
161,"People loving the new meditation music playlist."
162,"A new sleep app going viral for helping insomnia."
163,"Mental wellness influencers gaining followers fast."
164,"Podcasts becoming more popular than radio shows."
165,"Self-help books climbing bestseller charts."
166,"New AI-powered language learning tool gets attention."
167,"Students using flashcard apps to memorize faster."
168,"Creators earning money by selling AI prompts."
169,"Digital artists shifting to 3D modeling software."
170,"Freelancers earning more due to global clients."
171,"Climate change causing unusual weather patterns."
172,"Cities reporting extreme heatwaves this month."
173,"River pollution levels rising in several regions."
174,"Volunteers organizing beach cleanup drives."
175,"Solar energy adoption increasing in rural areas."
176,"Huge fireball spotted in sky, people shocked."
177,"Mysterious loud boom heard across multiple districts."
178,"Residents report unusual bird migration patterns."
179,"Animals behaving strangely according to forest officers."
180,"Meteor shower visible tonight in several states."
181,"People complaining about increased mosquitoes this year."
182,"A new insect species invading farms."
183,"Farmers adopting hydroponic methods more widely."
184,"Organic farming gaining popularity."
185,"Crop production decreasing due to unusual rains."
186,"Banks offering higher interest on FDs this quarter."
187,"People investing heavily in government bonds."
188,"Stock market investors panic due to global recession fears."
189,"Sensex drops 800 points in early trade."
190,"Tech IPOs delayed due to market instability."
191,"Beautiful northern lights visible in Finland."
192,"Tourists flock to Iceland for volcanic eruption views."
193,"Space agency launches new satellite successfully."
194,"Astronomers detect new exoplanet potentially habitable."
195,"Rockets reusable launch milestone achieved."
196,"Gaming company accidentally leaks new character skins."
197,"New VR headset promises zero motion sickness."
198,"AR glasses becoming more stylish with new designs."
199,"Gamers love haptic feedback suits for immersive experience."
200,"PC peripherals market growing drastically."
201,"A weird blue cloud spotted in California sky."
202,"People hearing strange whistling noise at night."
203,"Sudden flock of birds behaving erratically in city center."
204,"Mysterious object falling from sky captured on camera."
205,"Bright orange flash in sky sparks speculation online."
206,"A tree growing glowing fruits reported by villagers."
207,"UFO-like disc seen hovering over a mountain."
208,"People spotting giant insects near a forest region."
209,"Sudden freezing of a lake overnight shocks residents."
210,"Animals forming circles again, video viral."
211,"Man claims to find a 200-year-old message in a bottle."
212,"Old underground tunnel discovered during construction."
213,"New treasure found inside ancient temple."
214,"Archaeologists decode mysterious stone script."
215,"Ancient sword discovered in perfect condition."
216,"A chef creates a dish entirely using AI suggestions."
217,"Robot waiter serving food in several restaurants now."
218,"AI chatbot replacing front desk assistants in hotels."
219,"Automated taxis spotted being tested in Bengaluru."
220,"AI predicts customer behaviour more accurately than ever."
221,"A weird fruit growing double size than normal."
222,"Green-colored snow reported in a small town."
223,"People claim to see double rainbows every day this week."
224,"Lake suddenly turned pink overnight."
225,"A fish found that glows in the dark naturally."
226,"Rare bird sighting attracts photographers."
227,"Wild leopard enters residential area."
228,"Forest fires spreading due to extreme heat."
229,"People evacuating villages near forest area."
230,"Rescue workers save elephants trapped in mud."
231,"Space fans excited about upcoming solar eclipse."
232,"Moon appears larger than usual this week."
233,"Bright meteor fragments found in a backyard."
234,"Space station crew shares stunning Earth images."
235,"Scientists discuss future Mars colonization timeline."
236,"AI-generated dancer video goes viral overnight."
237,"Strange new app aging people’s faces accurately."
238,"People using filter that changes gender instantly."
239,"New camera mode makes videos look cinematic."
240,"Creators using AI voice changers for comedy videos."
241,"A puzzle game suddenly trending among kids."
242,"Old card game becoming popular again on social media."
243,"New board game released gaining popularity quickly."
244,"Retro video game consoles trending again."
245,"People nostalgic about 90s cartoon shows."
246,"A bakery selling rainbow samosas becomes famous."
247,"New ice-cream flavor trending on Instagram."
248,"People loving street vendor making giant dosas."
249,"Fusion food experiment goes viral."
250,"Fruit sandwich recipe divides the internet."
251,"Students upset about difficult entrance exam paper."
252,"Colleges delaying semester exams due to elections."
253,"Big scholarships announced for engineering students."
254,"Internship scam cases rising everywhere."
255,"Online certification demand increasing drastically."
256,"Parents complain about school fee hike."
257,"Young entrepreneurs launching innovative startups."
258,"Startup funding increasing for AI projects."
259,"Angel investors backing agricultural tech strongly."
260,"Unicorn startups increasing in India."
261,"Alexa and Google Home gaining Gujarati language support."
262,"Voice assistants controlling home appliances easily."
263,"Smart thermostats saving energy in households."
264,"Home robots cleaning better with AI mapping."
265,"Smart bulbs changing color automatically based on mood."
266,"Sudden heatwave causes water shortage in many cities."
267,"Rain expected to bring relief by weekend."
268,"Cities preparing for monsoon floods."
269,"Meteorologists predict heavy thunderstorms."
270,"Storm winds damage several trees in city."
271,"Fans excited about upcoming mobile launch event."
272,"Tech reviewers impressed with new gaming laptop."
273,"Laptops with AI chips trending this year."
274,"People discussing overheating issues in new phones."
275,"Foldable phones becoming more durable finally."
276,"Kids dancing to a viral cartoon song."
277,"Parents sharing funny baby reaction videos."
278,"Family vloggers gaining millions of subscribers."
279,"A dog singing video goes extremely viral."
280,"People shocked to see parrot mimicking songs perfectly."
281,"Doctors say dehydration increasing due to heat."
282,"New virus variant reported in two states."
283,"Public advised to wear masks indoors again."
284,"Hospitals increasing ICU beds due to rise in cases."
285,"Medical labs crowded for routine tests."
286,"New train accident reported, emergency teams deployed."
287,"Road accident causes major traffic jam."
288,"Bridge damaged due to continuous rainfall."
289,"Forest road closed due to landslides."
290,"Air quality drops sharply after festival fireworks."
291,"Cinema hall ticket prices increased again."
292,"Fans angry about low quality remake movie."
293,"New comedy show getting amazing reviews."
294,"Classic film returning to theatres for anniversary."
295,"Documentary on wildlife becoming huge hit."
296,"Online game crashes due to server overload."
297,"New battle royale update adds futuristic weapons."
298,"Gamers complaining about matchmaking issues."
299,"Game developers release free skins for apology."
300,"Players celebrating anniversary event rewards."
301,"Scientist claims to have built small nuclear battery."
302,"Water found beneath the surface of Mars again."
303,"AI helps discover new protein structures."
304,"Robots working in space stations autonomously."
305,"Space debris removal plans discussed at conference."
306,"A rare rainbow cloud appears above mountains."
307,"People shocked by sky turning orange after sunset."
308,"Unusual ice formation seen near lakeshore."
309,"Purple-colored lightning captured on camera."
310,"Massive spider web covering entire field scares people."
311,"Metaverse concerts gaining millions of viewers."
312,"VR classrooms becoming common for remote education."
313,"AR try-on apps helping customers shop online."
314,"Brands using holograms for product advertisements."
315,"Digital humans replacing influencers slowly."
316,"A bird delivering letters goes viral online."
317,"People debating if time travel is possible after viral video."
318,"Mysterious stone circle discovered by tourists."
319,"Old sculpture found under river mud."
320,"Archaeologists amazed at ancient pyramid alignment."
321,"Massive sinkhole appears suddenly in a park."
322,"Residents report tapping noise coming from underground."
323,"Road cracks appearing due to underground water movement."
324,"Engineers fix massive water pipeline burst."
325,"City faces electricity shortage due to transformer damage."
326,"New smartwatch detects sugar levels without needles."
327,"Health app warns users of abnormal heart rate."
328,"Smart rings becoming popular among fitness lovers."
329,"Weight loss devices gaining attention."
330,"Doctors testing remote surgery robots."
331,"Banks launching virtual branch experiences."
332,"Apps offering instant micro loans."
333,"Users complaining about credit score glitches."
334,"Fintech startup raises huge Series C funding."
335,"New credit card rewards attracting customers."
336,"People debating pros and cons of working night shifts."
337,"Employees want 4-day workweek implementation."
338,"Freelancers discussing client non-payment issues."
339,"Remote workers choosing coworking spaces."
340,"Job portals flooded with new AI job listings."
341,"Mystery virus infecting crops in villages."
342,"Farmers switching to drought-resistant seeds."
343,"New irrigation technology helps reduce water usage."
344,"Agriculture drones spraying fields at night."
345,"Crop yields decreasing due to extreme heat."
346,"A mysterious animal sighted near forest camp."
347,"People report glowing eyes in dark forest."
348,"Hunters spot extremely large footprints."
349,"Locals fear unknown creature wandering at night."
350,"Forest officers investigating strange animal cries."
351,"Old train station converted into art gallery."
352,"Artists making sculptures using recycled materials."
353,"Street murals becoming major tourist attraction."
354,"New painting exhibition receives global attention."
355,"Digital artists creating hyper-realistic portraits."
356,"Share market rises sharply after new policy announcement."
357,"Gold falls slightly as investors book profits."
358,"Rupee strengthens against US dollar today."
359,"Small cap stocks perform better than expected."
360,"Traders expect big rally next week."
361,"Bright green meteor seen over Europe."
362,"Meteor fragments collected by scientists."
363,"People excited for lunar eclipse livestream."
364,"SpaceX schedules next Starship launch."
365,"Astronomers observe rare cosmic explosion."
366,"New filter turns everyone into anime characters."
367,"Viral trend: people posting baby-to-old transitions."
368,"Funny filter stretching faces becoming popular."
369,"AI voice prank videos flooding the internet."
370,"Retro film filter trending among influencers."
371,"New dosa wrap stall becomes online sensation."
372,"People lining up for limited-edition mango drink."
373,"Food challenge: finish giant sandwich in 3 minutes."
374,"AI chefs creating unique dessert combinations."
375,"Plant-based meat alternatives gaining love."
376,"Stress levels rising due to workload."
377,"Yoga classes trending for relaxation."
378,"Therapists sharing helpful mental health tips."
379,"People adopting journaling for self-improvement."
380,"New mood tracking app trending in stores."
381,"Huge traffic jam reported near flyover construction."
382,"People angry about potholes causing accidents."
383,"New highway project approved by government."
384,"Road expansion work causing diversions everywhere."
385,"Taxi fares increased due to fuel price hike."
386,"Wild winds blow away rooftops in small village."
387,"Flood water entering homes in several districts."
388,"Rescue teams evacuating stranded families."
389,"Drone footage shows massive river overflow."
390,"Warning issued for landslide-prone areas."
391,"Huge surge in smartwatch sales during festival season."
392,"People love new transparent smartphone design."
393,"Foldable tablet gaining positive early reviews."
394,"Users report charging issues in new smartwatch."
395,"Mobile companies planning to remove charging port entirely."
396,"Temple festival attracting thousands of visitors."
397,"Cultural dance performances winning hearts."
398,"Music concerts sold out across major cities."
399,"Art festival features live painting sessions."
400,"Handicraft stalls doing amazing business."
401,"Students panic after sudden syllabus change."
402,"Exam preparation apps showing massive downloads."
403,"Tutors offering crash courses for competitive exams."
404,"Coaching centers overcrowded before board exams."
405,"New exam pattern confusing many parents."
406,"Investors buying land near upcoming airport project."
407,"Government approves new metro rail expansion."
408,"Real estate prices rising near tech parks."
409,"Builders offering free modular kitchens with new flats."
410,"Home loan interest rates expected to drop."
411,"Cold weather affecting vegetable supply."
412,"Fruit prices increase due to import issues."
413,"Farmers protest over land acquisition."
414,"Market vendors complain about low sales."
415,"Supermarkets offering fresh organic produce."
416,"Random boom heard at midnight shocks people."
417,"Sky glows red for 10 minutes in remote village."
418,"Locals claim to see shadow figure near abandoned factory."
419,"Unusual animal footprints seen near riverbank."
420,"Forest guards report strange light near wildlife sanctuary."
421,"Old temple bells start ringing by themselves."
422,"People claim to hear whisper sounds in empty rooms."
423,"Mysterious moving shadow caught on CCTV."
424,"Residents terrified after sudden cold wave at night."
425,"People report objects moving on their own."
426,"Restaurant launches hologram menu display."
427,"New payment method using face scan becomes popular."
428,"Hotels adopt robot staff for room service."
429,"Airports testing fully automated boarding gates."
430,"AI camera detects safety violations automatically."
431,"Car engines turning off due to extreme heat issues."
432,"New electric scooter catches fire during charging."
433,"People complaining about road dust allergies."
434,"Traffic police increase fines for speeding."
435,"Government plans EV-only lanes on highways."
436,"Kids obsessed with new cartoon superhero show."
437,"Parents discussing strict screen time rules."
438,"Toy store launches interactive talking toys."
439,"Storytelling AI toys trending among toddlers."
440,"Schools planning coding classes for kids from grade 4."
441,"Dog barks in rhythm to song, video goes viral."
442,"People fighting over last piece of sale item at store."
443,"Funny prank video gaining millions of views."
444,"Random microwave sound prank trend takes over."
445,"Weird watermelon carving challenge trending."
446,"Mobile app helps identify plants instantly."
447,"People tracking sleep cycles with smart rings."
448,"Fitness app launches new AI trainer mode."
449,"Calorie tracking becoming more advanced with AI."
450,"Health bands detecting stress levels accurately."
451,"A mysterious blackout happens across multiple towns."
452,"City reports unusual red rain in morning."
453,"Satellite captures glowing ocean at night."
454,"People claim to see flying creature on highway."
455,"Security cameras capture disappearing shadow figure."
456,"Farmers harvest record rice yield this year."
457,"New pesticide-free farming methods gaining traction."
458,"Agritech startup introduces soil health scanner."
459,"Urban gardening becoming popular among youth."
460,"Hydroponic indoor plant walls trending in offices."
461,"Older citizens learning smartphone skills in workshops."
462,"Community centers offering free tech classes."
463,"People attending seminars on cyber safety."
464,"Digital well-being features gaining attention."
465,"New productivity hacks going viral on YouTube."
466,"Sunset pictures trending using new camera mode."
467,"New hairstyle trend going crazy viral."
468,"People wearing neon-themed outfits this season."
469,"Sustainable clothing brands gaining traction."
470,"Wedding photographers using drones for shoots."
471,"Huge snake found inside residential toilet."
472,"Leopard jumps into school compound, rescued safely."
473,"Wild elephants spotted walking on main road."
474,"Strange cries heard from forest late night."
475,"People seeing huge shadows behind trees."
476,"AI content creators producing full-length videos automatically."
477,"YouTubers using AI clones to record videos."
478,"Digital creators switching to 3D animation tools."
479,"Creators earning money selling AI face filters."
480,"New AI algorithm predicting viral content trends."
481,"Record rainfall breaks 50-year history."
482,"City submerged after unexpected flooding."
483,"Scientists studying cloudburst pattern changes."
484,"New emergency protocol launched for flood safety."
485,"Residents build temporary bamboo bridges."
486,"People shocked seeing two suns due to atmospheric effect."
487,"Green lightning strikes multiple times at night."
488,"Strange fog covers entire mountain region."
489,"Unusual wave patterns seen at beach."
490,"Scientists detect underground energy pulses."
491,"Electric scooter brand recalls thousands of units."
492,"Car owners complain about faulty sensors."
493,"Bike sales increase due to new offers."
494,"Road tax revised causing mixed reactions."
495,"New travel app offering best hidden tourist spots."
496,"People sharing UFO-shaped cloud pictures."
497,"Glowing insects appearing in several gardens."
498,"Dogs barking at empty fields for unknown reason."
499,"People unable to explain moving lights near hills."
500,"Residents report strange metallic sound coming from sky."
